domain,count,percent
.cf,1,20.0
076.moe,5,100.0
076.ne.jp,3,60.0
0chan.ru,1,20.0
0w0.is,2,40.0
0x68756773.moe,1,20.0
0xspace.social,1,20.0
101010.pl,5,100.0
10minutepleroma.com,3,60.0
1210.nl,1,20.0
129.159.139.0,1,20.0
13bells.com,5,100.0
1611.social,5,100.0
1745.info,3,60.0
1984.cz,1,20.0
1being.org,2,40.0
2.distsn.org,1,20.0
23.95.115.204,1,20.0
2hu.club,1,20.0
2ndamendment.social,1,20.0
3q3.de,1,20.0
3zi.ru,2,40.0
420blaze.it,1,20.0
434.earth,1,20.0
448c.net,1,20.0
4aem.com,3,60.0
4chan.icu,2,40.0
4qq.org,1,20.0
503junk.house,1,20.0
5dollah.click,5,100.0
62x54r.ru,1,20.0
7td.org,2,40.0
80percent.social,4,80.0
829.hu,1,20.0
8777.ch,3,60.0
a.nti.social,1,20.0
a.sc,3,60.0
aaathats3as.com,1,20.0
aaoth.xyz,1,20.0
abdl.link,1,20.0
abraham.su,2,40.0
absturztau.be,2,40.0
accela.online,1,20.0
activism.openworlds.info,1,20.0
activitypub-proxy.cf,4,80.0
activitypub-troll.cf,5,100.0
activitypub.actor,1,20.0
acu.lt,1,20.0
adachi.party,5,100.0
addy.gg,2,40.0
adhd.stream,1,20.0
adrienlacombe.me,1,20.0
adtension.com,3,60.0
aether.us,1,20.0
aethy.com,5,100.0
afd.best,1,20.0
affiliates.social,2,40.0
afterlife.masto.host,1,20.0
agates.io,3,60.0
agdersam.no,2,40.0
agyilag.zokni.xyz,1,20.0
ai.wiki,3,60.0
ai8w.ddns.net,2,40.0
aillust.fun,2,40.0
aipub.social,1,20.0
airen-no-jikken.icu,1,20.0
airis.work,1,20.0
airmail.cc,1,20.0
ak.kawen.space,1,20.0
ak.kyaruc.moe,1,20.0
ak.yass.ee,1,20.0
akko.disqordia.space,1,20.0
akko.hollow.capital,2,40.0
akko.saturno.black,1,20.0
akko.wtf,1,20.0
akkos.fritu.re,1,20.0
akm.longyap.name.my,2,40.0
albin.social,2,40.0
alderit.com,1,20.0
alfter.us,1,20.0
alive.bar,1,20.0
allegedly.illegitimate.technology,1,20.0
alpaca.gold,3,60.0
alphasoft.org,1,20.0
alteregocreations.com,3,60.0
alterracloud.com,1,20.0
amazonaws.com,1,20.0
amiantos.net,1,20.0
ams3-03.smarterliving.nl,2,40.0
anancus.fr,1,20.0
anarres.family,2,40.0
ancreport.com,3,60.0
anemoneya.me,3,60.0
angry.im,1,20.0
angrytoday.com,4,80.0
animalliberation.social,2,40.0
anime.website,3,60.0
animeisgay.com,1,20.0
animesexual.community,3,60.0
anirloli.dev,1,20.0
anitbook.site,1,20.0
anitwitter.com,1,20.0
anitwitter.moe,1,20.0
annihilation.social,5,100.0
anon-kenkai.com,4,80.0
anthro.cc,2,40.0
anti-degeneracy.club,2,40.0
anticom.world,1,20.0
antivaxxer.icu,1,20.0
aoq.me,1,20.0
ap.maladaptive.art,2,40.0
ap.uwu.st,1,20.0
apathy.tv,2,40.0
app.github.dev,1,20.0
app.wafrn.net,1,20.0
applied-langua.ge,2,40.0
ar.aire.ml,1,20.0
arachnid.town,3,60.0
arasaka.vip,2,40.0
archivefedifor.fun,3,60.0
argentum.social,2,40.0
aria.company,2,40.0
aria.dog,1,20.0
ariona.fr,2,40.0
aroace.space,1,20.0
artalley.masto.host,1,20.0
artalley.social,1,20.0
arthaus.social,1,20.0
artisan.chat,1,20.0
arumoon.ru,1,20.0
asbestos.cafe,4,80.0
asdgsadga.social,1,20.0
asimon.org,3,60.0
asphodel.rip,2,40.0
aspiechattr.me,2,40.0
assortedflotsam.com,2,40.0
asteroidm.space,5,100.0
ating.press,2,40.0
atrilahiji.dev,1,20.0
autism.zone,1,20.0
autizmo.xyz,1,20.0
awoo.fai.st,1,20.0
awoo.fyi,1,20.0
awootism.club,2,40.0
awscommunity.social,1,20.0
awwter.online,2,40.0
azumanga.gay,1,20.0
b.9chan.lol,1,20.0
b.booots.tech,1,20.0
b10m.net,2,40.0
babay.icu,3,60.0
babka.social,1,20.0
babyfurs.social,1,20.0
babymetal.party,1,20.0
badat.dev,1,20.0
badly.co,3,60.0
bae.st,5,100.0
bahnhof.cz,1,20.0
bajax.us,3,60.0
banepo.st,5,100.0
banned.cafe,1,20.0
bar.arumoon.ru,1,20.0
baraag.net,5,100.0
based.directory,2,40.0
basedcount.com,1,20.0
bassam.social,4,80.0
battlepenguin.video,2,40.0
bbad.com,1,20.0
bbs.keinpfusch.net,1,20.0
beagle.casa,1,20.0
bearbirdsite.sicem.social,2,40.0
bearygoosey.com,2,40.0
beaware.live,2,40.0
beckmeyer.us,1,20.0
beef.moe,1,20.0
beefyboys.club,3,60.0
beefyboys.win,5,100.0
beehub.org,2,40.0
beepboop.ga,3,60.0
beetoons.tv,2,40.0
bennypowers.dev,1,20.0
berserker.town,4,80.0
berzs.xyz,1,20.0
best-friends.chat,1,20.0
bestgore.fun,2,40.0
beta.birdsite.live,2,40.0
beta.mstdn.cf,3,60.0
bgzashtita.es,2,40.0
bibly.com,3,60.0
bida.im,1,20.0
bien-etre.social,1,20.0
biendeo.com,3,60.0
bigchungus69.club,1,20.0
bigguys.club,2,40.0
bigrelay.social,2,40.0
bigzu.cc,2,40.0
bikeshed.party,3,60.0
binarydad.com,1,20.0
birb.byte.wtf,2,40.0
birb.elfenban.de,1,20.0
birb.redra1n.net,2,40.0
birb.space,1,20.0
birb.stream,2,40.0
birbber.hotfemboy.pics,2,40.0
bird.chauvet.pro,2,40.0
bird.docmeth02.host,1,20.0
bird.evilcyberhacker.net,2,40.0
bird.froth.zone,1,20.0
bird.geiger.ee,2,40.0
bird.gensokyo.info,2,40.0
bird.granford.uk,2,40.0
bird.hock.one,2,40.0
bird.im-in.space,2,40.0
bird.istheguy.com,2,40.0
bird.karatek.net,2,40.0
bird.kuendig.io,2,40.0
bird.lummerland.ddnss.de,1,20.0
bird.makeup,5,100.0
bird.makeup.hwarf.com,1,20.0
bird.neolyum.de,1,20.0
bird.nzbr.de,1,20.0
bird.r669.live,2,40.0
bird.seafoam.space,2,40.0
bird.shitposted.today,1,20.0
bird.tracto.pl,1,20.0
bird.waffles.fun,1,20.0
bird.xtra.nu,1,20.0
bird.zerojay.com,1,20.0
bird.zvo.io,1,20.0
birdbots.leptonics.com,2,40.0
birdity.club,2,40.0
birdlive.grupotd.nat.cu,1,20.0
birdmakeup.opiumpost.org,1,20.0
birds.garden,2,40.0
birds.im-in.space,1,20.0
birdsite.am-institute.swiss,2,40.0
birdsite.archybold.com,1,20.0
birdsite.axeleroy.com,1,20.0
birdsite.b93.dece.space,1,20.0
birdsite.blahaj.social,1,20.0
birdsite.blazelight.dev,2,40.0
birdsite.cbruegg.com,1,20.0
birdsite.centennial.root.sx,1,20.0
birdsite.cloutier.co,2,40.0
birdsite.csachweh.de,1,20.0
birdsite.darkesttimeline.social,2,40.0
birdsite.datboi.network,1,20.0
birdsite.davinkevin.fr,1,20.0
birdsite.falkensweb.com,1,20.0
birdsite.felixmueller.cloud,1,20.0
birdsite.frog.fashion,2,40.0
birdsite.gabeappleton.me,1,20.0
birdsite.gnyo.org,1,20.0
birdsite.gred.al,1,20.0
birdsite.gxvwb.dev,1,20.0
birdsite.hexix.de,1,20.0
birdsite.hwarf.com,1,20.0
birdsite.ingwie.me,1,20.0
birdsite.intra.kaijauch.de,1,20.0
birdsite.james.moody.name,2,40.0
birdsite.jupiterslanding.social,1,20.0
birdsite.k-fortytwo.de,1,20.0
birdsite.kaijauch.de,1,20.0
birdsite.kohl.dev,1,20.0
birdsite.koyu.space,1,20.0
birdsite.lakedrops.com,2,40.0
birdsite.link,2,40.0
birdsite.lipsia.casa,1,20.0
birdsite.live,2,40.0
birdsite.lluni.de,1,20.0
birdsite.marschik.me,1,20.0
birdsite.mastodon.land,1,20.0
birdsite.mastodon.me.uk,1,20.0
birdsite.miisu.net,1,20.0
birdsite.monster,3,60.0
birdsite.nickurak.ca,1,20.0
birdsite.noitl.space,1,20.0
birdsite.nytpu.com,2,40.0
birdsite.oliviaappleton.com,1,20.0
birdsite.otmns.net,1,20.0
birdsite.outadoc.fr,1,20.0
birdsite.personally.tech,1,20.0
birdsite.platypush.tech,2,40.0
birdsite.rap.social,1,20.0
birdsite.schafscheiss.com,1,20.0
birdsite.seejy.ninja,1,20.0
birdsite.slashdev.space,2,40.0
birdsite.spectreos.de,1,20.0
birdsite.tableflip.zone,1,20.0
birdsite.tcjc.uk,2,40.0
birdsite.tedandrachel.com,1,20.0
birdsite.thorlaksson.com,3,60.0
birdsite.toot.si,2,40.0
birdsite.vish.link,1,20.0
birdsite.vrparty.social,2,40.0
birdsite.weiranzhang.com,1,20.0
birdsite.wilde.cloud,3,60.0
birdsitelive.angrydome.au,1,20.0
birdsitelive.baguette-it.social,1,20.0
birdsitelive.bubbletea.dev,1,20.0
birdsitelive.chatty.monster,1,20.0
birdsitelive.codingneko.com,1,20.0
birdsitelive.falschgold.net,1,20.0
birdsitelive.ffvo.dev,1,20.0
birdsitelive.janngobble.synology.me,1,20.0
birdsitelive.kevinyank.com,1,20.0
birdsitelive.laski.app,1,20.0
birdsitelive.leonardwong.tech,1,20.0
birdsitelive.loca.lt,1,20.0
birdsitelive.mastodon.vm.statshelix.com,1,20.0
birdsitelive.moistgarbage.info,3,60.0
birdsitelive.nullreference.io,1,20.0
birdsitelive.obey.social,1,20.0
birdsitelive.opiumpost.org,1,20.0
birdsitelive.peanutlasko.com,1,20.0
birdsitelive.samedwards.ca,1,20.0
birdsitelive.sboulema.nl,1,20.0
birdsitelive.self-hosted.site,1,20.0
birdsitelive.treffler.cloud,2,40.0
biribiri.dev,1,20.0
bitacadie.com,1,20.0
bitcoin-info.nl,1,20.0
bitcoin.ninja,1,20.0
bitcoinadon.social,1,20.0
bitcoinersagainst.boats,1,20.0
bitcoinhackers.org,3,60.0
bitcoinlizard.net,3,60.0
bitcoinplebs.net,1,20.0
bitcointv.com,3,60.0
bittube.video,2,40.0
bka.li,1,20.0
bkcastle.net,2,40.0
blab.gg,1,20.0
blackoutstout.space,3,60.0
blackstar.cafe,1,20.0
blacksun.social,2,40.0
blazelights.dev,1,20.0
blazingopen.space,2,40.0
blob.cat,3,60.0
blobturtle.club,1,20.0
blockedur.mom,3,60.0
blockriot.com,2,40.0
blogold.xyz,1,20.0
blovice.bahnhof.cz,1,20.0
blue.worldkey.io,1,20.0
blurts.net,1,20.0
bmu.beerinacan.com,1,20.0
boating.social,1,20.0
bocc.de,1,20.0
body.social,1,20.0
bodybuilding.im,1,20.0
bofa.lol,2,40.0
bofh.social,2,40.0
boingo00.wtf,2,40.0
boks.moe,4,80.0
boles.xyz,1,20.0
boobytooth.social,2,40.0
bookwor.ms,1,20.0
boop.link,1,20.0
borg.social,1,20.0
boseburo.ddns.net,2,40.0
bostonsocial.online,1,20.0
bot.gallion.sh,1,20.0
botsin.space,1,20.0
boykissers.club,1,20.0
boymoder.biz,3,60.0
boyter.org,3,60.0
bozgor.org,3,60.0
brainsoap.net,3,60.0
brapbarn.farm,3,60.0
brasileiros.social,1,20.0
breastmilk.club,4,80.0
bridge.yopp.me,1,20.0
bridgebot.b-wells.us,1,20.0
brighteon.social,5,100.0
brodi.me,1,20.0
bronyfurry.com,1,20.0
brotka.st,1,20.0
bruh.homd.xyz,1,20.0
bruh.social,2,40.0
brzozow.xyz,1,20.0
bsd.moe,1,20.0
bsl.18m250.org,1,20.0
bsl.adamstas.com,1,20.0
bsl.allofti.me,1,20.0
bsl.beerinacan.com,1,20.0
bsl.compostintraining.club,1,20.0
bsl.fedi.grh.am,1,20.0
bsl.gronk.cc,1,20.0
bsl.m-n.live,1,20.0
bsl.pride-rock-labs.com,1,20.0
bsl.shrdr.de,1,20.0
bsl.sid500.com,2,40.0
bsl.tuxz.one,2,40.0
bsl.zogan.de,1,20.0
btrf.ly,1,20.0
btrfly.social,2,40.0
bubbletea.dev,3,60.0
bucket.0ms.me,1,20.0
buckeye.social,1,20.0
buddyverse.xyz,1,20.0
bugs.social,1,20.0
buildthatwallandmakeamericagreatagain.trumpislovetrumpis.life,3,60.0
bund.de,1,20.0
bungle.chat,1,20.0
bungle.online,4,80.0
bunny.cafe,1,20.0
bunnyanarchy.org,1,20.0
burger.rodeo,2,40.0
burggit.moe,1,20.0
busshi.moe,2,40.0
bussy.monster,3,60.0
buttplug.zone,1,20.0
bv.umbrellix.org,1,20.0
bwzone.xyz,1,20.0
bylines.social,2,40.0
c.im,1,20.0
cachapa.moe,3,60.0
cachapa.xyz,5,100.0
cafkafk.com,2,40.0
calculate.social,1,20.0
calobar.club,4,80.0
campduffel.social,2,40.0
canberrasocial.net,1,20.0
cannibal.cafe,4,80.0
cantos.social,1,20.0
capitalism.party,2,40.0
capystan.net,2,40.0
carnivore.social,3,60.0
carrot.army,2,40.0
catboi.party,2,40.0
catbot.co,1,20.0
catgirl.land,2,40.0
catgirl.life,3,60.0
catgirlon.top,1,20.0
catgirls.nya.gay,1,20.0
catin.space,1,20.0
catposter.club,4,80.0
cawfee.club,4,80.0
cdrom.tokyo,2,40.0
cdsisaster.club,1,20.0
celebrity.social,2,40.0
censorship.icu,1,20.0
cf,1,20.0
chamba.social,3,60.0
chaoswork.cn,1,20.0
charcha.cc,1,20.0
chaunchy.com,1,20.0
cheeseburger.social,2,40.0
cheeseland.xyz,1,20.0
childlove.space,4,80.0
childlove.su,5,100.0
childpawn.shop,4,80.0
china.al,1,20.0
chir.rs,1,20.0
chocoflan.net,2,40.0
chudbuds.lol,5,100.0
chudbuds.org,3,60.0
chungus.cc,1,20.0
cipay.ca,1,20.0
circlebasti.at,2,40.0
civiq.social,2,40.0
ckpg.space,1,20.0
clew.lol,5,100.0
cliterati.club,2,40.0
cloud.okteto.net,1,20.0
cloud.scaleway.com,1,20.0
cloudapp.azure.com,1,20.0
cloudisland.online,3,60.0
cloudplane.app,1,20.0
cloutfa.re,1,20.0
club.darknight-coffee.org,1,20.0
clubcyberia.co,5,100.0
clube.social,2,40.0
cobblestone.rocks,2,40.0
cocaine.moe,1,20.0
cocaine.ninja,1,20.0
cock.email,1,20.0
cock.fish,2,40.0
cock.li,2,40.0
cock.lu,1,20.0
cockworshipper.com,1,20.0
cocoa.hoto.rocks,1,20.0
cofe.rocks,1,20.0
cofeti.me,2,40.0
col.social,1,20.0
collapse.pub,1,20.0
collapsitarian.io,4,80.0
com.ai,1,20.0
comfy.social,1,20.0
comfyboy.club,4,80.0
comfysnug.space,2,40.0
comm.cx,1,20.0
commiespace.duckdns.org,1,20.0
communick.com,1,20.0
community.halle-leaks.de,2,40.0
community.highlandarrow.com,1,20.0
computerfairi.es,2,40.0
conchrepublic.social,1,20.0
concordia.social,1,20.0
conspiracydistillery.com,1,20.0
contrapointsfan.club,5,100.0
controverse.tube,1,20.0
convo.casa,2,40.0
coolsite.win,4,80.0
coom.club,1,20.0
cottoncandy.cafe,3,60.0
counter.fedi.live,1,20.0
counter.social,2,40.0
cp2.jaxbeach.social,1,20.0
cpluspatch.com,1,20.0
creativeart.shop,1,20.0
creativeart.work,1,20.0
creativity.cafe,1,20.0
criminallycute.fi,1,20.0
crlf.ninja,4,80.0
cro.social,1,20.0
crowleyclub.com,2,40.0
crucible.world,3,60.0
crunchywatch.uk,1,20.0
crypt.lol,1,20.0
cryptids.online,1,20.0
crypto-group-buy.com,1,20.0
cryptocartel.social,1,20.0
cryptodon.chat,1,20.0
cryptodon.lol,3,60.0
cryptoschizo.club,1,20.0
cryptotalks.social,3,60.0
cryptotooter.com,3,60.0
csdisaster.club,3,60.0
ctseuro.com,2,40.0
cu2d.com,1,20.0
cubhub.social,1,20.0
cucked.me,1,20.0
cuicui.senpaga.net,1,20.0
cultofshiv.wtf,1,20.0
cum.camp,5,100.0
cum.desupost.soy,1,20.0
cum.salon,5,100.0
cumallover.me,1,20.0
cunny.finance,1,20.0
cunny.gay,2,40.0
cunny.win,2,40.0
cunnyborea.space,5,100.0
curiouscabbit.social,1,20.0
cute.church,1,20.0
cuteposting.institute,1,20.0
cyb3r.moe,1,20.0
cybercriminal.eu,4,80.0
cybercrusade.xyz,2,40.0
cyberdruids.club,1,20.0
cyberfuck.club,1,20.0
cyberretards.xyz,3,60.0
cyberstorm.one,4,80.0
cybre.club,1,20.0
cybrkyd.com,1,20.0
cyuucat.moe,2,40.0
cyzed.com,1,20.0
d-fens.systems,2,40.0
d2l.masto.host,1,20.0
dadalo.pl,1,20.0
daffodil-11.org,1,20.0
daishouri.moe,2,40.0
dajiaweibo.com,1,20.0
dancefight.club,1,20.0
danksquad.org,3,60.0
danksquad.xyz,3,60.0
danrees.me,1,20.0
dark-alexandr.net,2,40.0
darkkeep.net,1,20.0
darknight-coffee.org,3,60.0
darlow.co.uk,3,60.0
daspr.io,3,60.0
dbuild.xyz,1,20.0
dcomm.net.ua,1,20.0
dd0s.lol,2,40.0
ddnss.de,1,20.0
deadreckoning.cc,2,40.0
deadsuperhero.com,1,20.0
debilosempire.org,3,60.0
decayable.ink,5,100.0
dece.space,1,20.0
decept.org,3,60.0
declin.eu,4,80.0
deepnexus.link,2,40.0
deepweb.eu,1,20.0
definitely-not-archivefedifor.fun,2,40.0
degenerates.fail,1,20.0
degooglization.icu,1,20.0
dekameta.com,1,20.0
dekeyser.au,1,20.0
dembased.xyz,2,40.0
democracy.town,1,20.0
denden.world,1,20.0
deno.dev,1,20.0
depressed.bar,1,20.0
derveni.org,1,20.0
desu.social,1,20.0
desubposter.club,1,20.0
desupost.soy,2,40.0
desuposter.club,2,40.0
det.social,1,20.0
detroitriotcity.com,5,100.0
dev-wiki.de,2,40.0
dev.civiq.social,1,20.0
develop.gab.com,2,40.0
devin.masto.host,1,20.0
devouredbyverm.in,1,20.0
devs.live,3,60.0
diamondelizaa.com,2,40.0
diarbagus.id,1,20.0
diaspodon.fr,1,20.0
diaspsocial.com,1,20.0
dickkickextremist.xyz,3,60.0
digitalmarketer.social,1,20.0
digitalsuccess.dev,1,20.0
dingdash.com,4,80.0
dirtkids.social,1,20.0
dirtyhobby.xyz,3,60.0
disarray.nof.st,1,20.0
discussion.studio,1,20.0
disqordia.space,4,80.0
disroot.org,1,20.0
dissident.business,3,60.0
distrotoot.com,1,20.0
dixies.land,3,60.0
djitter.com,1,20.0
djsumdog.com,4,80.0
dlf.social,2,40.0
dline.xyz,2,40.0
dmgd.monster,2,40.0
dobbs.town,3,60.0
doctors4covidethics.org,2,40.0
doesnm.cc,1,20.0
doesnotexist.club,2,40.0
dogeposting.social,1,20.0
dogsex.org,2,40.0
doingyourmom.club,1,20.0
don.bitma.st,1,20.0
donotban.com,2,40.0
donteatanimals.org,1,20.0
dotnet00.dev,3,60.0
dox.land,1,20.0
dragon.style,1,20.0
dragonborn.app,1,20.0
dragoncave.dev,2,40.0
dragonpsi.xyz,2,40.0
draine.rs,1,20.0
dramatica.online,1,20.0
drastical.tech,1,20.0
drcassone.social,1,20.0
dreamgate4u.de,1,20.0
dresden.network,1,20.0
drinkingatmy.computer,1,20.0
driveby.cool,1,20.0
drow.be,3,60.0
drunkposter.club,2,40.0
dskofgrn.xyz,1,20.0
dsocialize.net,2,40.0
dtzbts.xyz,2,40.0
duckdns.org,2,40.0
duckfriend.com,1,20.0
due.ren,1,20.0
durst.world,2,40.0
duwa.ng,1,20.0
dym.sh,1,20.0
dynu.net,1,20.0
dystopian.space,1,20.0
e3t.cc,1,20.0
eatthebugs.social,4,80.0
ebin.club,3,60.0
ebin.zone,1,20.0
echelon.pl,2,40.0
ediot.social,1,20.0
eeeeeeeee.eu,3,60.0
eepygirls.tech,2,40.0
egirls.gay,1,20.0
eientei.org,5,100.0
eightpoint.app,3,60.0
eipystyilman.beer,1,20.0
el-spot.xyz,1,20.0
elekk.xyz,3,60.0
elementality.org,2,40.0
elestio.app,1,20.0
elfenban.de,1,20.0
elonsucks.org,2,40.0
elouworld.org,1,20.0
emacs.ch,3,60.0
emacsen.net,1,20.0
embracing.space,1,20.0
emeraldsocial.org,1,20.0
emmadorable.com,1,20.0
emmaverse.void.rehab,1,20.0
encipher.in,1,20.0
endtimebelievers.com,4,80.0
enes.lv,2,40.0
enj0y.net,1,20.0
enjoyer.network,1,20.0
enovale.com,1,20.0
entire.vc,1,20.0
epenguin.com,2,40.0
epic.meme.moe,1,20.0
epsilon.social,5,100.0
equel.social,3,60.0
eskimo.com,3,60.0
esmailelbob.xyz,4,80.0
est.social,1,20.0
etiketi.de,1,20.0
eveningzoo.club,5,100.0
evilcyberhacker.net,1,20.0
exited.eu,1,20.0
exploding-heads.com,3,60.0
explosion.party,1,20.0
expression.social,3,60.0
ey.business,1,20.0
f.ckpg.space,2,40.0
f.haeder.net,3,60.0
f.thesolarrepublic.org,1,20.0
faggot.zone,2,40.0
fai.st,1,20.0
famichiki.jp,2,40.0
fandom.community,1,20.0
fans.sonichu.com,1,20.0
fapsi.be,2,40.0
fbievan.live,1,20.0
fbxl.net,4,80.0
fed.calp.de,1,20.0
fed.celp.de,2,40.0
feddit.online,1,20.0
federate.social,2,40.0
federated.fun,5,100.0
federated.media,1,20.0
federatedfandom.net,1,20.0
fedi.absturztau.be,2,40.0
fedi.agency,1,20.0
fedi.app,2,40.0
fedi.aroundthemilkyway.nohost.me,1,20.0
fedi.cassilda.house,1,20.0
fedi.cc,1,20.0
fedi.gealdor.space,1,20.0
fedi.intkos.link,1,20.0
fedi.live,1,20.0
fedi.pawlicker.com,2,40.0
fedi.plus.st,1,20.0
fedi.site,2,40.0
fedi.tyil.nl,1,20.0
fedi.valkyrie.world,1,20.0
fedi.vern.cc,1,20.0
fedicafe.com,1,20.0
fedicy.allowed.org,2,40.0
fedimon.uk,1,20.0
fedispot.com,1,20.0
fediverse-lite.com,2,40.0
fediverse.lol,1,20.0
fediverse.me,1,20.0
fediverse.pl,3,60.0
fediversesearch.com,1,20.0
fedposters.club,3,60.0
fedsearch.io,1,20.0
feline.rodeo,2,40.0
femboy.tokyo,1,20.0
femboys.love,3,60.0
feral.cafe,5,100.0
ffvo.dev,1,20.0
ffxiv-mastodon.com,1,20.0
fifo-f.eu,1,20.0
fightbig.tech,1,20.0
fightforthefuture.org,1,20.0
fightthis.net,4,80.0
filthylucre.biz,1,20.0
firebird.mullet.social,2,40.0
firechicken.net,1,20.0
firedragonstudios.com,1,20.0
firefaithfellowship.com,4,80.0
firefish.social,2,40.0
firemail.cc,1,20.0
fishingblog.org,1,20.0
fiume.club,1,20.0
flockingbird.social,1,20.0
floyds.io,1,20.0
fluf.club,4,80.0
fluffytail.org,3,60.0
foodhub-muenchen.social,1,20.0
forum.decisiveliberty.news,1,20.0
fosstodon.org,2,40.0
foxarmy.org,2,40.0
foxfam.club,1,20.0
foxgirl.lol,1,20.0
fr13nd5.com,3,60.0
francecatholique.net,1,20.0
freak.university,5,100.0
freeatlantis.com,4,80.0
freecumextremist.com,4,80.0
freedomofpress.rocks,1,20.0
freedomstrike.net,3,60.0
freedomstrike.org,2,40.0
freefedifollowers.ga,3,60.0
freemyip.com,1,20.0
freequeefextremist.com,1,20.0
freesocial.co,1,20.0
freesoftwareextremist.com,4,80.0
freespeech.club,2,40.0
freespeech.fans,2,40.0
freespeech.firedragonstudios.com,1,20.0
freespeech.group,4,80.0
freespeech.host,2,40.0
freespeech.icu,1,20.0
freespeech.institute,1,20.0
freespeechextreme.com,1,20.0
freespeechextremist.com,5,100.0
freetalklive.com,3,60.0
freethinkers.lgbt,4,80.0
freevoice.space,1,20.0
freewahaextremist.soy,1,20.0
freewahaextremist.wtf,3,60.0
freezepeach.online,3,60.0
freezepeach.xyz,4,80.0
frennet.link,2,40.0
frennet.xyz,4,80.0
frens.mahodou.moe,1,20.0
freyachat.eu,1,20.0
fribygda.no,1,20.0
friendica.ironbug.org,1,20.0
friends.deko.cloud,1,20.0
friends.nico,2,40.0
frog.fashion,1,20.0
froth.zone,5,100.0
fsmi.social,1,20.0
fuck-man-i-just-want-like-one-friend.xyz,1,20.0
fulltermprivacy.com,3,60.0
functor.pro,1,20.0
furcel.club,3,60.0
furfag.de,1,20.0
furry.engineer,2,40.0
furry.lgbt,1,20.0
futomomo.life,1,20.0
fuwa.pink,3,60.0
fwedivewse.vfpmedia.com,1,20.0
fybuk.com,1,20.0
fym.moe,1,20.0
g3l.org,2,40.0
gab.ai,4,80.0
gab.best,2,40.0
gab.com,4,80.0
gab.io,3,60.0
gab.polaris-1.work,1,20.0
gab.protohype.net,2,40.0
gab.sleeck.eu,1,20.0
gabble.xyz,2,40.0
gabe.rocks,3,60.0
gabeappleton.me,1,20.0
gabfed.com,2,40.0
gabhub.protohype.net,1,20.0
gabtest.gameliberty.club,1,20.0
gamedev.place,1,20.0
gameliberty.club,5,100.0
gamers.exposed,3,60.0
gangstalking.services,4,80.0
gasthe.lgbt,3,60.0
gateway.occm.cc,1,20.0
gatooscuro.xyz,1,20.0
gay.lesaoras.xyz,1,20.0
gay.nsfw.onl,1,20.0
gc-key.xn--vusz0j.life,1,20.0
gc-project.de,1,20.0
gearlandia.haus,5,100.0
gecekafasi.com,2,40.0
gecko20.de,1,20.0
gegenstimme.tv,2,40.0
gendercritical.club,1,20.0
gendercritical.space,1,20.0
genderheretics.xyz,5,100.0
genderlandia.haus,1,20.0
genitalia.observer,1,20.0
gensokyo.club,3,60.0
gentoo.live,4,80.0
geofront.rocks,5,100.0
gerkenator.com,1,20.0
getbackinthe.kitchen,1,20.0
getcoin.nu,1,20.0
getgle.org,1,20.0
getindor.com,2,40.0
ghetti.monster,5,100.0
gigaohm.bio,2,40.0
girino.org,1,20.0
girlslove.pink,1,20.0
gitmo.life,2,40.0
gitpod.io,1,20.0
gizode.com,2,40.0
gladtech.social,2,40.0
gleasonator.com,5,100.0
gleasonator.dev,1,20.0
glee.li,4,80.0
glindr.org,3,60.0
glitch.gray.cafe,1,20.0
glitch.pm,1,20.0
globalfrens.com,1,20.0
globalskywatch.social,1,20.0
globalwarming.fun,2,40.0
glowers.club,2,40.0
glowie.cloud,2,40.0
glownow.club,2,40.0
gnosis.systems,1,20.0
gnu.moe,1,20.0
gnuhacker.org,3,60.0
gnusocial.ch,1,20.0
gnusocial.club,1,20.0
gnusocial.no,1,20.0
goat.si,1,20.0
godspeed.moe,2,40.0
goldandblack.xyz,1,20.0
goneaway.social,1,20.0
goreslut.xyz,2,40.0
gorf.club,2,40.0
gorf.pub,3,60.0
gorf.space,3,60.0
gorf.tube,1,20.0
gothloli.club,1,20.0
goyim.app,3,60.0
goyslop.cafe,2,40.0
graeber.social,1,20.0
grants.cafe,1,20.0
gravure.club,2,40.0
graz.social,2,40.0
greatloop.social,1,20.0
greenboys.club,2,40.0
greenfield.masto.host,1,20.0
greenish.red,1,20.0
greenlifeplus.net,1,20.0
gretaoto.ca,1,20.0
grid.tf,1,20.0
grim.social,1,20.0
grimerica.ca,1,20.0
grin.hu,1,20.0
groomer.cc,1,20.0
groyp.xyz,1,20.0
grumpys.online,1,20.0
gs.archae.me,1,20.0
gs.kawa-kun.com,2,40.0
gs.m0n5t3r.info,1,20.0
gs.mon5t3r.info,1,20.0
gs.smuglo.li,2,40.0
guizzyordi.info,2,40.0
gulp.cafe,1,20.0
guyfawkes.social,1,20.0
gymnastodon.com,1,20.0
gyutte.site,1,20.0
h-i.social,1,20.0
h5q.net,5,100.0
hachyderm.io,1,20.0
hacked.im,1,20.0
haeder.net,2,40.0
hagra.net,2,40.0
halle-leaks.de,1,20.0
hallertau.social,1,20.0
hallsofamenti.io,3,60.0
handholding.io,2,40.0
handicapped.tk,2,40.0
hanna.lol,1,20.0
happylittle.cloudns.cc,1,20.0
harpy.faith,1,20.0
haskovec.social,2,40.0
hatesnigge.rs,1,20.0
hatthieves.es,1,20.0
hayu.sh,1,20.0
hdcraft.xyz,2,40.0
headcannon.xyz,2,40.0
headpat.cafe,3,60.0
hear-me.social,1,20.0
hedgehoghunter.club,2,40.0
heislandmine.work,1,20.0
hell0friend.de,1,20.0
helladoge.com,3,60.0
hellthread.church,2,40.0
hendrixgames.com,1,20.0
hentai.baby,5,100.0
henzi.org,1,20.0
heonian.org,1,20.0
here.blue,2,40.0
hermit.cafe,2,40.0
hermitmountain.top,2,40.0
hexagon.space,1,20.0
hi.moe.tips,1,20.0
hidamari.apartments,4,80.0
hieron.cc,1,20.0
hijacked.download,1,20.0
himk.am,2,40.0
hirad.it,3,60.0
hitchhiker.social,4,80.0
hitler.rocks,1,20.0
homd.xyz,2,40.0
homoo.social,2,40.0
homunyan.com,1,20.0
homura.space,1,20.0
honey.church,1,20.0
honeypot.im,1,20.0
honeytree.social,2,40.0
honkwerx.tech,3,60.0
horny.enby.space,1,20.0
horny.house,2,40.0
hornyjail.pro,2,40.0
horsefucker.org,1,20.0
hostux.social,1,20.0
hoto.rocks,2,40.0
humanist.social,1,20.0
humble.cafe,1,20.0
humblr.social,1,20.0
hunk.city,2,40.0
husk.site,4,80.0
hwfo.online,1,20.0
i2p.rocks,1,20.0
iamterminally.online,3,60.0
iamterminallyonline.com,1,20.0
icic-net.com,1,20.0
icod.de,3,60.0
icum.to,1,20.0
icunny.co,1,20.0
icyphox.sh,1,20.0
iddqd.social,4,80.0
idolheaven.org,3,60.0
ieji.de,2,40.0
ignis.link,1,20.0
ignorelist.com,5,100.0
ihatebeinga.live,2,40.0
ika.moe,1,20.0
ikbenpiraat.nl,1,20.0
ilias.church,2,40.0
illegitimate.technology,2,40.0
ilyamikcoder.com,1,20.0
imirhil.fr,2,40.0
immibis.com,2,40.0
impeccable.social,3,60.0
incorrigible.moe,2,40.0
indiefedi.party,1,20.0
indieweb.social,1,20.0
inex.rocks,1,20.0
inferencium.net,3,60.0
infosec.exchange,1,20.0
initiate.space,2,40.0
injection.love,2,40.0
instagram.com,2,40.0
instinctd.com,4,80.0
insufferable.tools,1,20.0
intkos.link,3,60.0
intotheriff.com,1,20.0
inumbra.xyz,3,60.0
io.mwl.io,1,20.0
ipv6-only.site,1,20.0
iqdd.social,1,20.0
ironbug.org,3,60.0
is-a.cat,1,20.0
is.chaotic.moe,1,20.0
iscute.moe,1,20.0
isekco.re,2,40.0
itm.osaka,1,20.0
itmslaves.com,1,20.0
itzti.li,1,20.0
jabb.in,1,20.0
jacksgloryhole.com,1,20.0
jaeger.website,2,40.0
jamesp.org,1,20.0
jannis.rocks,1,20.0
japanties.org,1,20.0
jauntygoat.net,1,20.0
jawsh.xyz,1,20.0
jayus.net,2,40.0
jbox.com.br,1,20.0
jeder.pl,1,20.0
jeena.net,1,20.0
jigmedatse.com,1,20.0
jimlunsford.com,1,20.0
jir.moe,2,40.0
jiyu.dev,1,20.0
jmizzle.com,1,20.0
jojo.singleuser.club,1,20.0
jollyville.net,2,40.0
jordanwages.com,1,20.0
jorts.horse,2,40.0
jorts.online,1,20.0
joschu.ch,1,20.0
josephschneider.net,1,20.0
journa.host,2,40.0
jpages.eu,1,20.0
jpop.club,2,40.0
juche.space,1,20.0
juche.town,1,20.0
juro.cloud,1,20.0
justbros.xyz,2,40.0
justicewarrior.social,3,60.0
justwallet.site,1,20.0
jvpiter.net,3,60.0
jvyden.xyz,1,20.0
k.posix.gay,1,20.0
k1ppl.com,1,20.0
kabuki.club,3,60.0
kabukimono.top,2,40.0
kafeneio.social,3,60.0
kafka.icu,2,40.0
kag.social,2,40.0
kakafe.ga,1,20.0
kalli.st,2,40.0
kamikaze.moe,1,20.0
kansanvalta.org,2,40.0
karab.in,1,20.0
karjalazet.se,1,20.0
karkatdyinginagluetrap.com,1,20.0
karl.guru,1,20.0
karolat.press,1,20.0
kartoffel.cafe,1,20.0
kartonrad.de,1,20.0
katiehopkinspolitical.icu,1,20.0
kawa-kun.com,3,60.0
kawaiistarlight.online,1,20.0
kawaiistu.moe,1,20.0
kawen.site,1,20.0
kawen.space,1,20.0
kazar.ma,1,20.0
kazv.moe,2,40.0
kazvam.com,1,20.0
kbin.social,1,20.0
kcl.academy,1,20.0
keinpfusch.net,2,40.0
kelarima.com,3,60.0
kemonololi.com,1,20.0
kendothugs.world,1,20.0
kenfm.de,2,40.0
kenhbit.com,2,40.0
khajiit.de,1,20.0
khajiit.tech,2,40.0
khsmty.com,1,20.0
kibitz.cloud,3,60.0
killbox.social,1,20.0
kilobyte.club,1,20.0
kinky.business,1,20.0
kirbo.xyz,1,20.0
kisslolis.com,1,20.0
kisslolis.moe,3,60.0
kitsunemimi.club,3,60.0
kitty.haus,1,20.0
kitty.social,1,20.0
kiwifarms.cc,4,80.0
kiwifarms.is,4,80.0
kiwifarms.net,3,60.0
kiwifarms.plemora.net,1,20.0
kneegrows.top,1,20.0
knowltonwx.com,1,20.0
kodlomrazi.ru,1,20.0
kogasa.de,1,20.0
kolektiva.media,1,20.0
kolektiva.social,2,40.0
kompost.cz,4,80.0
kona.moe,1,20.0
kopimi.space,2,40.0
kosmos.social,1,20.0
kotobank.ch,2,40.0
kowai.youkai.town,1,20.0
koyu.space,2,40.0
kpop.social,1,20.0
krackhou.se,2,40.0
krohsnest.com,1,20.0
kurosawa.moe,3,60.0
kusoneko.moe,1,20.0
kyaruc.moe,2,40.0
kyot.me,1,20.0
kyou.social,2,40.0
kys.moe,3,60.0
kyun.host,1,20.0
l3r.me,1,20.0
ladies.community,1,20.0
lain.bar,2,40.0
lain.best,1,20.0
lain.com,2,40.0
lain.gay,3,60.0
lain.la,3,60.0
lain.sh,3,60.0
lainchan.gay,2,40.0
lainon.life,2,40.0
lakedrops.com,1,20.0
lambright.com,2,40.0
lamp.wtf,1,20.0
lanceur-alerte.tv,1,20.0
landofkittens.social,1,20.0
lanuevebastarda.es,2,40.0
lavenderfield.xyz,1,20.0
lawstodon.social,2,40.0
layer08.com,3,60.0
leadslinger.org,2,40.0
leafposter.cafe,1,20.0
leafposter.club,4,80.0
lecturify.net,1,20.0
leftic.club,2,40.0
leftlibertarian.club,2,40.0
leftychan.net,2,40.0
lemmygrad.ml,2,40.0
lemonade.moe,1,20.0
leonardwong.dev,1,20.0
leptonics.com,1,20.0
lesaoras.xyz,1,20.0
lets.bemoe.online,1,20.0
lets.saynoto.lgbt,2,40.0
letsalllovela.in,4,80.0
lewdie.heaven,1,20.0
lewdieheaven.com,4,80.0
lewdieheaven.vip,1,20.0
lgbtfree.zone,4,80.0
lgbtqia.space,2,40.0
lhr.life,1,20.0
lhrtunnel.link,1,20.0
libbie.cloud,2,40.0
liberal.city,2,40.0
liberal.win,1,20.0
liberdon.com,4,80.0
libertarianism.club,1,20.0
libertyaf.io,1,20.0
libertymatrix.io,1,20.0
libertynode.net,2,40.0
libertywoof.com,1,20.0
libre.tube,3,60.0
libre.video,2,40.0
librem.one,2,40.0
librenet.co.za,4,80.0
libresilicon.com,1,20.0
librosphere.fr,2,40.0
libtar.de,3,60.0
ligma.pro,4,80.0
linuxrocks.online,3,60.0
listie.nl,1,20.0
lit.tlespace.xyz,1,20.0
liveview.cf,1,20.0
livingunder.rocks,1,20.0
lizards.live,3,60.0
loadaverage.org,2,40.0
loca.lt,1,20.0
localhost.run,1,20.0
localtunnel.me,2,40.0
logografos.com,3,60.0
lokean.org,1,20.0
lokinet.io,1,20.0
loli.best,3,60.0
loli.church,3,60.0
loli.estate,2,40.0
loli.exposed,1,20.0
loli.foundation,1,20.0
loli.pizza,2,40.0
loliandstuff.moe,1,20.0
lolic.at,1,20.0
lolicon.rocks,3,60.0
lolicon.win,2,40.0
lolifuggzi5axn2rmbk44u55zk3zjnbs4vhcruifrgyfpk6mwm4okuad.onion,1,20.0
loliimoutolove.com,1,20.0
lolis.world,2,40.0
lolisandstuff.moe,1,20.0
lolison.network,5,100.0
lolison.top,5,100.0
lolitube.moe,2,40.0
loliverse.xyz,2,40.0
longyap.name.my,2,40.0
lor.sh,1,20.0
lord.sh,1,20.0
lostvoid.cyberretards.xyz,1,20.0
lotor.network,1,20.0
lottev.moe,1,20.0
lovedate.nu,1,20.0
loveforlandlords.com,4,80.0
loveisgrief.tk,1,20.0
loves.reisen,1,20.0
lovesick.social,2,40.0
lovingexpressions.net,4,80.0
lubar.me,1,20.0
lucasvl.nl,2,40.0
lukepreston.xyz,1,20.0
lukesmith.xyz,2,40.0
lulz.win,2,40.0
lyricaltokarev.fun,1,20.0
m.sl-network.fr,1,20.0
m.sprovoost.nl,1,20.0
m0e.space,1,20.0
m0n5t3r.info,2,40.0
m4cgyver.net,1,20.0
ma.fellr.net,1,20.0
ma.jameuwu.com,1,20.0
machikadon.online,1,20.0
macneilmediagroup.com,1,20.0
macsnet.cz,2,40.0
madhammer.club,1,20.0
magicalmirro.red,2,40.0
magicfedi.su,2,40.0
mahodou.moe,3,60.0
maikel.dev,1,20.0
maikel.uk,1,20.0
makemysarcophagus.com,3,60.0
maladaptive.art,3,60.0
malydwhomartthou.com,1,20.0
mamot.fr,1,20.0
manalejandro.com,1,20.0
maneisacutie.club,2,40.0
manx.social,1,20.0
map.osrx.chat,1,20.0
mapmerch.shop,1,20.0
mapsupport.club,2,40.0
mapsupport.de,5,100.0
marsey.club,2,40.0
marsey.moe,3,60.0
martinezperspective.org,1,20.0
masochi.st,5,100.0
mast.mulliken.net,1,20.0
mast.socialspill.com,1,20.0
mast.subzone.space,1,20.0
mast.wholemars.com,1,20.0
mastertibbles.co.uk,5,100.0
masthead.social,2,40.0
mastinator.com,5,100.0
mastindia.co,3,60.0
masto.ai,1,20.0
masto.brightfur.net,1,20.0
masto.payfrit.com,1,20.0
masto.quad.moe,1,20.0
mastobate.social,2,40.0
mastod.no,2,40.0
mastodo.fi,1,20.0
mastodon-uk.net,1,20.0
mastodon.adtension.com,1,20.0
mastodon.ai8w.ddns.net,1,20.0
mastodon.ar.al,1,20.0
mastodon.au,1,20.0
mastodon.bayern,1,20.0
mastodon.bgzashtita.es,1,20.0
mastodon.bida.im,1,20.0
mastodon.cf,4,80.0
mastodon.cloud,3,60.0
mastodon.com.pl,1,20.0
mastodon.ctseuro.com,1,20.0
mastodon.de,1,20.0
mastodon.derveni.org,1,20.0
mastodon.digitalsuccess.dev,1,20.0
mastodon.frl,1,20.0
mastodon.fulltermprivacy.com,1,20.0
mastodon.gamedev.place,1,20.0
mastodon.gougere.fr,1,20.0
mastodon.green,1,20.0
mastodon.grin.hu,1,20.0
mastodon.honeypot.im,1,20.0
mastodon.in.ua,1,20.0
mastodon.jordanwages.com,1,20.0
mastodon.la,3,60.0
mastodon.lol,1,20.0
mastodon.loliandstuff.moe,2,40.0
mastodon.macsnet.cz,1,20.0
mastodon.ml,2,40.0
mastodon.myocci.social,1,20.0
mastodon.ninja,1,20.0
mastodon.nzoss.nz,2,40.0
mastodon.online,1,20.0
mastodon.org.uk,1,20.0
mastodon.scot,1,20.0
mastodon.se,3,60.0
mastodon.sl,1,20.0
mastodon.social,1,20.0
mastodon.socialspill.com,1,20.0
mastodon.someotherguy.xyz,1,20.0
mastodon.starrevolution.org,1,20.0
mastodon.staycuriousandkeepsmil.in,1,20.0
mastodon.teia.art,1,20.0
mastodon.top,2,40.0
mastodon.uno,1,20.0
mastodon.world,2,40.0
mastodon.xyz,1,20.0
mastodong.lol,3,60.0
mastodonsweden.se,1,20.0
mastodont.social,1,20.0
mastodutchservers.com,1,20.0
mastoscat.club,1,20.0
masturbated.one,1,20.0
matchflame.eu,1,20.0
matchflame.nl,1,20.0
matrix.rocks,2,40.0
mcjarbo.com,2,40.0
mcjarbo.net,1,20.0
md.kakise.tech,1,20.0
meatbag.app,4,80.0
mediastodon.com,1,20.0
medic.cafe,1,20.0
medusmedia.com,1,20.0
meetup.com,1,20.0
megamast.io,2,40.0
meisskey.blue,1,20.0
melalandia.tk,1,20.0
meld.de,2,40.0
melonbread.dev,2,40.0
meme.moe,1,20.0
memehub.eu,1,20.0
mememagic.net,1,20.0
memeware.net,1,20.0
mentalhealth.social,1,20.0
mentality.rip,1,20.0
mercurial.blog,2,40.0
merovingian.club,5,100.0
meta-tube.de,1,20.0
metasocial.com,1,20.0
metro.social,1,20.0
mhym.social,1,20.0
miaow.gay,1,20.0
micca.xyz,2,40.0
micro.mkp.ca,1,20.0
microblog.club,1,20.0
midnightride.rs,2,40.0
midov.pl,1,20.0
midwaytrades.com,3,60.0
mikeshelby.noip.me,1,20.0
miku-enthusiast.club,3,60.0
miku.place,1,20.0
milker.cafe,4,80.0
milkers.online,2,40.0
mim-libre.fr,1,20.0
mindly.social,1,20.0
minds.com,5,100.0
minidisc.tokyo,4,80.0
miniwa.moe,3,60.0
mirbsd.org,1,20.0
mirr0r.city,5,100.0
miruku.cafe,2,40.0
misaka.ru,1,20.0
misogyni.st,1,20.0
misono-ya.info,2,40.0
misskey-forkbomb,1,20.0
misskey-forkbomb.cf,3,60.0
misskey.art,1,20.0
misskey.cf,1,20.0
misskey.gg,2,40.0
misskey.id,1,20.0
misskey.io,3,60.0
misskey.nl,1,20.0
misskey.xyz,2,40.0
mistli.net,1,20.0
mitra.social,3,60.0
mk.absturztau.be,1,20.0
mk.disqordia.space,1,20.0
mk.froth.zone,1,20.0
mk.niscii.xyz,1,20.0
mkl.lol,1,20.0
moa.st,4,80.0
mobile.co,1,20.0
moe.onl,3,60.0
moe.tips,1,20.0
moeanime.io,1,20.0
moggy.xyz,1,20.0
moi.cx,1,20.0
moirai.cc,1,20.0
molten.cloud,1,20.0
monads.online,4,80.0
mondoweiss.net,2,40.0
monk.ey.business,2,40.0
monstergirl.space,2,40.0
moody.name,1,20.0
moonbeam.town,1,20.0
mooo.com,2,40.0
mooskirsch.xyz,1,20.0
morale.ch,2,40.0
morepablo.com,1,20.0
mostr.pub,5,100.0
moth.social,1,20.0
moth.zone,1,20.0
mouse.services,3,60.0
mr64.net,1,20.0
mrhands.horse,4,80.0
mst.vsta.org,1,20.0
mstdn.business,1,20.0
mstdn.ca,2,40.0
mstdn.es,1,20.0
mstdn.foxfam.club,1,20.0
mstdn.in,1,20.0
mstdn.io,2,40.0
mstdn.jp,4,80.0
mstdn.party,1,20.0
mstdn.satania.social,1,20.0
mstdn.social,1,20.0
mstdn.starnix.network,2,40.0
mu.zaitcev.nu,3,60.0
muchiga.club,1,20.0
muensterland.social,1,20.0
mugicha.club,5,100.0
muh.wang,1,20.0
mulmeyun.church,1,20.0
murky.club,3,60.0
musksocial.com,2,40.0
my-sunshine.video,1,20.0
myasstodon.xyz,1,20.0
mycrowd.ca,1,20.0
mycub.space,2,40.0
myhm.social,1,20.0
mylegendary.quest,1,20.0
mymastadon.link,1,20.0
myocci.social,1,20.0
mypdns.org,1,20.0
myxoz.port0.org,1,20.0
myyouniverse.observer,1,20.0
n0id.space,1,20.0
nachocheese.uk,1,20.0
nafo.army,1,20.0
nafo.uk,2,40.0
nah.re,1,20.0
naharia.net,2,40.0
nakamoto.social,1,20.0
naln1.ca,1,20.0
nalocal519.social,3,60.0
nangang.travnewmatic.com,1,20.0
nanovim.tk,1,20.0
narrativerry.xyz,3,60.0
nasface.cz,1,20.0
nasnfl.com,1,20.0
nastub.cz,1,20.0
natehiggers.online,3,60.0
national.catposting.agency,1,20.0
national.shitposting.agency,1,20.0
nationalist.social,4,80.0
nationaljustice.social,3,60.0
natter.wtf,1,20.0
nauk.io,1,20.0
nazi.social,4,80.0
nazrin.moe,1,20.0
neckbeard.life,1,20.0
neckbeard.xyz,3,60.0
needs.vodka,2,40.0
neenster.org,4,80.0
neet.church,3,60.0
neet.social,1,20.0
neighborli.xyz,2,40.0
neko.ci,2,40.0
neko.computer,1,20.0
nekocave.xyz,3,60.0
nekoea.red,2,40.0
nemoneya.me,1,20.0
neo.hongeipii.com,1,20.0
neoliber.al,1,20.0
neomobius.com,2,40.0
nerdica.net,1,20.0
net4sw.com,1,20.0
nethole.us,1,20.0
netrunner.cfd,1,20.0
networked.space,1,20.0
netz.org,2,40.0
netzgemeinde.eu,1,20.0
netzsphaere.xyz,3,60.0
neue.city,2,40.0
neurodiver.ge,1,20.0
newjack.city,1,20.0
news.ongii.com,1,20.0
news.twtr.plus,1,20.0
newsie.social,4,80.0
newsmast.org,1,20.0
newsrelay.org,1,20.0
nexusuk.org,1,20.0
ngrok-free.app,1,20.0
ngrok.io,3,60.0
nicecrew.digital,5,100.0
nigge.rs,1,20.0
niggers.auction,1,20.0
nightshift.social,4,80.0
nijimiss.moe,1,20.0
nikisoft.one,1,20.0
nikotile.xyz,1,20.0
ninjaturtle.xyz,1,20.0
niscii.xyz,4,80.0
nishi.boats,2,40.0
nitecrew.rip,2,40.0
niu.moe,1,20.0
nixnet.services,1,20.0
nixnet.social,3,60.0
nnia.cc,2,40.0
nnia.space,5,100.0
noagenda.social,1,20.0
noagendasocial.com,5,100.0
noagendasocial.nl,4,80.0
noagendatube.com,3,60.0
nobl.ink,1,20.0
nobodyhasthe.biz,3,60.0
noc.social,3,60.0
nomoresha.me,1,20.0
nopasaran.red,1,20.0
noplacelikeholmes.masto.host,1,20.0
nopolitics.club,1,20.0
norge.social,1,20.0
normal.style,1,20.0
normie.cafe,3,60.0
norrebro.space,1,20.0
norwoodzero.net,4,80.0
not-develop.gab.com,1,20.0
notbird.site,3,60.0
notherweb.com,1,20.0
notjustbikes.com,1,20.0
novoa.nagoya,4,80.0
now.kibousoft.co.jp,1,20.0
noxinon.de,1,20.0
noyu.me,1,20.0
npf.mlpol.net,1,20.0
nrk.cloud,1,20.0
ns.auction,1,20.0
nscio.us,2,40.0
nsfw.cafe,1,20.0
nsfw.social,1,20.0
nti.social,1,20.0
nudemy.com,1,20.0
nudie.social,1,20.0
nuke.africa,1,20.0
nuked.social,2,40.0
nukem.biz,3,60.0
nullwhere.social,1,20.0
nya.gay,1,20.0
nya.house,1,20.0
nya.social,1,20.0
nyan.com,1,20.0
nyanide.com,4,80.0
nzbr.de,1,20.0
obo.sh,5,100.0
occultist.space,2,40.0
oddballs.online,2,40.0
oddballs.vip,1,20.0
offkey.cat,1,20.0
oliviaappleton.com,1,20.0
oneway.masto.host,1,20.0
onion.social,1,20.0
onionfarms.org,4,80.0
onlyfeds.cc,2,40.0
onlypa.ws,1,20.0
opalstack.social,2,40.0
open-social.xyz,1,20.0
open.video,1,20.0
openmtx.com,1,20.0
openshiftapps.com,1,20.0
optiplex.wallaby-bass.ts.net,1,20.0
order.life,1,20.0
ortodogs.info,3,60.0
osrs.club,1,20.0
ost.social,1,20.0
otakufarms.com,3,60.0
oti.st,2,40.0
otr.rocks,2,40.0
oursocialism.today,1,20.0
outerheaven.club,2,40.0
outerkosm.us,2,40.0
outpoa.st,5,100.0
outrnat.nl,2,40.0
overheid.nl,1,20.0
owlper.ch,1,20.0
owo.digital,1,20.0
p.bilb.info,1,20.0
p.mr64.net,1,20.0
paidspeechextremist.com,1,20.0
palmer.house,1,20.0
pantsfree.cc,1,20.0
paradigm-x.tokyo,2,40.0
paravielfalt.zone,4,80.0
parcero.bond,1,20.0
pardoners.church,1,20.0
pasta.wtf,1,20.0
patch.cx,1,20.0
patriot.online,2,40.0
patriot.social,1,20.0
pawlicker.com,2,40.0
pawlicker.ddns.net,2,40.0
pawoo.com,1,20.0
pawoo.net,5,100.0
paws.moe,2,40.0
payfrit.com,2,40.0
paypig.org,3,60.0
peanutlasko.com,1,20.0
pech.tech,3,60.0
pedo.school,5,100.0
peertube.boneheadmedia.com,1,20.0
peertube.linuxrocks.online,1,20.0
peertube.red,1,20.0
peertube.satoshishop.de,1,20.0
peertube.se,3,60.0
peertube.sl-network.fr,1,20.0
peertube.stephenson.cc,1,20.0
peertube.tech,1,20.0
peertube.uno,1,20.0
peervideo.club,2,40.0
peervideos.com,1,20.0
pendragon.rocks,1,20.0
pengi-san.moe,2,40.0
peoplegroup.social,1,20.0
perktold.xyz,1,20.0
persia.social,2,40.0
petrolkorps.cc,2,40.0
pettanko.art,4,80.0
phorophyte.org,1,20.0
photography.enjoyer.network,1,20.0
phreedom.club,3,60.0
phreedom.tk,2,40.0
piaille.fr,1,20.0
piaste.it,1,20.0
piazza.today,3,60.0
pibvt.net,5,100.0
pieville.net,5,100.0
piggo.space,1,20.0
pinnoto.org,1,20.0
pirateradio.social,4,80.0
pirati.ca,1,20.0
pisskey.io,4,80.0
pissqordia.space,2,40.0
pixats.com,1,20.0
pixelart.moe,1,20.0
pixelfed.eu,1,20.0
pixfed.com,1,20.0
pixificial.xyz,2,40.0
pizzaf.art,4,80.0
pkm.social,1,20.0
pkteerium.xyz,4,80.0
pktriot.net,1,20.0
pl.765racing.com,1,20.0
pl.anon-kenkai.com,1,20.0
pl.comfysnug.space,1,20.0
pl.info.natehiggers.online,2,40.0
pl.kitsunemimi.club,2,40.0
pl.kotobank.ch,1,20.0
pl.kys.moe,1,20.0
pl.lifeweb.cc,1,20.0
pl.natehiggers.online,1,20.0
pl.pube.tk,2,40.0
pl.seedy.xyz,1,20.0
pl.skyn3t.in,2,40.0
pl.slash.cl,2,40.0
pl.thj.no,1,20.0
pl.tkammer.de,2,40.0
pl.valkyrie.world,2,40.0
pl.wowana.me,1,20.0
pl.zombiecats.run,1,20.0
pl765racing.com,1,20.0
plagu.ee,3,60.0
plandemic.icu,1,20.0
planet.moe,1,20.0
plasmatrap.com,1,20.0
platypush.tech,2,40.0
pleroma.bunni.eu,1,20.0
pleroma.cloud,1,20.0
pleroma.com,1,20.0
pleroma.comfy.moe,1,20.0
pleroma.crowesnest.io,1,20.0
pleroma.cucked.me,1,20.0
pleroma.eientei.org,2,40.0
pleroma.einzbern.one,1,20.0
pleroma.elementality.org,1,20.0
pleroma.flussence.eu,1,20.0
pleroma.freespeech.host,1,20.0
pleroma.gnusocial.club,1,20.0
pleroma.hatthieves.es,1,20.0
pleroma.id,1,20.0
pleroma.jeder.pl,1,20.0
pleroma.karjalazet.se,2,40.0
pleroma.kitsunemimi.club,2,40.0
pleroma.kiwifarms.net,2,40.0
pleroma.lyricaltokarev.fun,1,20.0
pleroma.mouse.services,2,40.0
pleroma.narrativerry.xyz,1,20.0
pleroma.neko.airforce,1,20.0
pleroma.nobodyhasthe.biz,2,40.0
pleroma.p4g.club,1,20.0
pleroma.pandanet.moe,1,20.0
pleroma.payfrit.com,2,40.0
pleroma.rareome.ga,1,20.0
pleroma.runfox.tk,1,20.0
pleroma.site,1,20.0
pleroma.skyshanty.xyz,1,20.0
pleroma.soupwhale.com,1,20.0
pleroma.soykaf.com,2,40.0
pleroma.tuxcrafting.cf,1,20.0
pleroma.tuxcrafting.port0.org,1,20.0
pleroma.us,1,20.0
pleroma.weirdart.space,1,20.0
pleroma.wolfie.pw,1,20.0
pleroma.yorha.club,1,20.0
pleromanonx86.wordpress.com,1,20.0
pleromaundermybed.ddns.net,1,20.0
pleromer.net,1,20.0
plma.plus.st,1,20.0
plus.st,2,40.0
pmj.rocks,1,20.0
pmth.us,3,60.0
poa.st,5,100.0
poast.eth,2,40.0
poast.lol,1,20.0
poast.org,3,60.0
poast.tv,4,80.0
pod.vladtepesblog.com,2,40.0
podcastindex.social,1,20.0
pogfish.party,1,20.0
pol.social,1,20.0
polaris-1.work,2,40.0
polaris.bonespr.it,1,20.0
politbird.twexodus.top,1,20.0
political.icu,1,20.0
polycephalypunk.moe,1,20.0
pone.social,4,80.0
pooper.social,2,40.0
poridge.club,2,40.0
porn2b.com,1,20.0
pornhay.com,1,20.0
pornixa.com,1,20.0
porntoot.com,4,80.0
port.mk,1,20.0
posix.gay,1,20.0
post.ebin.club,1,20.0
poster.place,5,100.0
posting.lolicon.rocks,3,60.0
postnstuffds.lol,3,60.0
pouque.net,3,60.0
povertypimps.xyz,1,20.0
poweredbycocaine.com,5,100.0
pravda.me,1,20.0
premium.reimu.download,1,20.0
presentdaypresenttime.com,1,20.0
press.coop,4,80.0
preteengirls.biz,3,60.0
pridelands.io,1,20.0
privex.social,4,80.0
probablyfreespeech.com,3,60.0
producers.masto.host,1,20.0
progressivecafe.social,1,20.0
projectftm.com,3,60.0
projectveritas.icu,1,20.0
propulse.club,1,20.0
prospeech.space,3,60.0
prout.social,1,20.0
pseudo-whiskey.bar,1,20.0
psimon.world,1,20.0
psion.co,3,60.0
pso.li,3,60.0
psyopshop.com,2,40.0
pub.getgle.org,1,20.0
pub.instances.scw.cloud,1,20.0
pube.tk,2,40.0
purss.de,1,20.0
pyrox.dev,1,20.0
qiitadon.com,1,20.0
qoto.org,5,100.0
quad.moe,1,20.0
quadplay.tv,1,20.0
quanta.wiki,5,100.0
queer.hacktivis.me,2,40.0
querdenken-711.de,1,20.0
quey.la,2,40.0
quey.org,1,20.0
quietplace.xyz,1,20.0
quitter.im,1,20.0
quitter.pw,2,40.0
quodverum.com,1,20.0
quorum.inumbra.xyz,1,20.0
r18.social,3,60.0
raccoon.quest,4,80.0
rage.lol,3,60.0
rageparty.club,2,40.0
rainbowdash.net,2,40.0
raki.social,1,20.0
rakka.tk,1,20.0
rakket.app,3,60.0
randland.party,1,20.0
rape.lol,2,40.0
rape.pet,5,100.0
rapefeminists.network,1,20.0
rapemeat.express,4,80.0
rapemeat.shop,1,20.0
rapemeat.solutions,4,80.0
raplst.town,2,40.0
raru.re,1,20.0
raspberrypi.social,4,80.0
ravergram.club,3,60.0
rawr-xd.club,2,40.0
rayci.st,3,60.0
raygungothic.xyz,2,40.0
rcsocial.net,5,100.0
rdrama.cc,3,60.0
rdrama.net,1,20.0
real.dogsex.org,1,20.0
realnephestate.xyz,2,40.0
rebased.io,2,40.0
rebased.network,2,40.0
rebased.social,2,40.0
rebelbase.site,3,60.0
redd.live,2,40.0
redeyes.site,2,40.0
redflix.nu,1,20.0
redgarterclub.com,2,40.0
redliberal.com,1,20.0
redpill-insight.com,3,60.0
redplanetlabs.com,4,80.0
redspinning.top,3,60.0
redstateliberal.social,1,20.0
refusal.biz,3,60.0
refusal.llc,5,100.0
refuse2.work,2,40.0
reimu.info,1,20.0
reisen.church,2,40.0
relay.scottsmall.org,1,20.0
remnant.social,3,60.0
repl.co,5,100.0
replicant.pl,1,20.0
republic.red,5,100.0
respublicae.eu,3,60.0
retard.tech,1,20.0
retardcenter.xyz,1,20.0
retardedniggers.forsale,1,20.0
retro.pizza,1,20.0
retroedge.tech,1,20.0
rettiwtkcuf.social,1,20.0
revvy.de,1,20.0
rigcz.club,3,60.0
right.wtf,1,20.0
rightmastodon.com,1,20.0
rightmouse.click,2,40.0
rino.icu,1,20.0
rio.social,3,60.0
rkgk.moe,1,20.0
rneetup.com,1,20.0
roadlife.social,1,20.0
rodent.life,3,60.0
rojogato.com,5,100.0
rosaline.systems,1,20.0
rot.gives,4,80.0
royalhellcustoms.com,2,40.0
roysbeer.place,3,60.0
rqd2.net,4,80.0
rsc.cdn77.org,1,20.0
rubbery.dev,1,20.0
ruinouspowe.rs,3,60.0
runfox.tk,1,20.0
runtube.re,1,20.0
ryona.agency,5,100.0
s.yelvington.com,1,20.0
sacred.harpy.faith,1,20.0
sad.cab,2,40.0
sadlads.com,1,20.0
sakh.social,1,20.0
salastil.com,2,40.0
salesforce.social,1,20.0
salushnes.solutions,1,20.0
sander.social,1,20.0
sanfranciscan.org,1,20.0
sapphos.be,1,20.0
satoshishop.de,4,80.0
saturno.black,1,20.0
sauropods.win,1,20.0
saynoto.lgbt,2,40.0
scamdemic.party,3,60.0
scarlet.house,2,40.0
scenecore.net,1,20.0
schwartzwelt.xyz,4,80.0
scots.network,5,100.0
scrapist.xyz,1,20.0
seahorse.sh,1,20.0
seal.cafe,5,100.0
sealion.club,3,60.0
search.fedi.app,2,40.0
secluded.site,2,40.0
secretsealing.club,1,20.0
seediqbale.xyz,1,20.0
seikora.one,3,60.0
sementerrori.st,1,20.0
seo.chat,3,60.0
seo.community,1,20.0
seocommunity.social,1,20.0
serialmay.link,1,20.0
seriousbusiness.international,2,40.0
servernerds.net,4,80.0
setho.org,1,20.0
sevvie.ltd,1,20.0
sexyferret.science,1,20.0
shadowsocial.org,3,60.0
sharealike.social,1,20.0
sharivegas.com,3,60.0
shatteredpalisa.de,1,20.0
shaw.app,2,40.0
sheep.network,4,80.0
shelter.moe,2,40.0
shigusegubu.club,3,60.0
shinaaamo.com,1,20.0
shitasstits.life,1,20.0
shitnexus.party,1,20.0
shitpisscum.mooo.com,2,40.0
shitpost.cloud,5,100.0
shitpost.poridge.club,1,20.0
shitpost.racing,2,40.0
shitposte.rs,2,40.0
shitposter.club,5,100.0
shitposting.army,2,40.0
shocktohp.xyz,1,20.0
shortstackran.ch,4,80.0
shortstacksran.ch,4,80.0
shota.foundation,1,20.0
shota.house,5,100.0
shota.land,1,20.0
shota.nu,1,20.0
shota.pe,1,20.0
shota.social,3,60.0
shotatube.xyz,2,40.0
shouldibuyahorse.com,2,40.0
shpposter.club,3,60.0
shrimpcam.pw,2,40.0
shrimpposter.club,4,80.0
shrine.moe,2,40.0
sideofburritos.social,1,20.0
sigmoid.social,1,20.0
silliness.observer,3,60.0
silvereagle.dev,1,20.0
sinbir.com,1,20.0
sinblr.com,1,20.0
singing.dog,3,60.0
singleuser.club,1,20.0
sivokon.me,1,20.0
sizedon.com,1,20.0
skinheads.eu,4,80.0
skinheads.io,4,80.0
skinheads.network,2,40.0
skinheads.social,4,80.0
skinheads.uk,4,80.0
skinnyver.se,3,60.0
skippers-bin.com,4,80.0
skorpil.cz,1,20.0
skyshanty.xyz,4,80.0
slash.cl,3,60.0
slashdev.space,1,20.0
sleeck.eu,1,20.0
sleepy.cafe,4,80.0
sleepy.place,1,20.0
sleroq.link,1,20.0
sliek.social,1,20.0
slipfox.xyz,2,40.0
slippy.xyz,2,40.0
slothy.win,1,20.0
sm.shaw.app,1,20.0
smat-app.com,1,20.0
smittenkittens.xyz,2,40.0
smuganimeavatar.xyz,2,40.0
smuglo.li,2,40.0
smugloli.net,1,20.0
sneak.berlin,3,60.0
sneed.shop,2,40.0
sneed.social,5,100.0
sneed.vip,2,40.0
snowdin.town,1,20.0
sns-sakura.jp,1,20.0
soc.h4x.group,1,20.0
soc.mahodou.moe,2,40.0
soc.ua-fediland.de,2,40.0
sociabl.be,1,20.0
social.076.ne.jp,1,20.0
social.allthefallen.ninja,1,20.0
social.ancreport.com,1,20.0
social.anoxinon.de,1,20.0
social.anthro.cc,1,20.0
social.arinbasu.online,1,20.0
social.au2pb.net,2,40.0
social.bbc,2,40.0
social.beepboop.ga,1,20.0
social.bitcoiner.guide,1,20.0
social.bund.de,1,20.0
social.culturewar.us,1,20.0
social.dev-wiki.de,1,20.0
social.duti.tech,2,40.0
social.finkhaeuser.de,1,20.0
social.foxfam.club,1,20.0
social.freetalklive.com,2,40.0
social.getgle.org,2,40.0
social.goip.de,1,20.0
social.guizzyordi.info,1,20.0
social.handholding.io,2,40.0
social.hattheves.es,1,20.0
social.hatthieves.es,1,20.0
social.heckin.tech,1,20.0
social.heldscal.la,1,20.0
social.hendrixgames.com,2,40.0
social.here.blue,1,20.0
social.hidamari.blue,1,20.0
social.icod.de,1,20.0
social.illegalpornography.com,1,20.0
social.imirhil.fr,1,20.0
social.jesuislibre.net,1,20.0
social.k3tan.com,1,20.0
social.khajiit.de,1,20.0
social.librem.one,2,40.0
social.lovingexpressions.net,3,60.0
social.lucci.xyz,1,20.0
social.manalejandro.com,1,20.0
social.matej-lach.me,1,20.0
social.midwaytrades.com,1,20.0
social.mondoweiss.net,1,20.0
social.mordicux.xyz,1,20.0
social.mykolayiv.dcomm.net.ua,1,20.0
social.naln1.ca,1,20.0
social.network.europa.eu,1,20.0
social.nothingplanet.com,2,40.0
social.oalm.gub.uy,1,20.0
social.ourpublicassembly.com,1,20.0
social.pcwideopen.com,1,20.0
social.platypush.tech,1,20.0
social.pmj.rocks,1,20.0
social.pseudo-whiskey.bar,2,40.0
social.quldverum.com,1,20.0
social.quodverum.com,2,40.0
social.realnephestate.xyz,1,20.0
social.redxen.eu,1,20.0
social.researchanddestroy.technology,1,20.0
social.rjbastyr.com,1,20.0
social.sakamoto.gq,2,40.0
social.shrimpcam.pw,2,40.0
social.sidekek.ml,1,20.0
social.snopyta.org,1,20.0
social.sphere.com.ai,1,20.0
social.sunshinegardens.org,1,20.0
social.super-niche.club,1,20.0
social.targaryen.house,2,40.0
social.teci.world,2,40.0
social.thecrow.uk,1,20.0
social.trom.tf,1,20.0
social.tulsa.ok.us,1,20.0
social.uden.ai,1,20.0
social.undernet.uy,1,20.0
social.urspringer.de,1,20.0
social.wideboys.org,2,40.0
social.wiuwiu.de,1,20.0
social.wxcafe.net,1,20.0
social.xenofem.me,2,40.0
socialgoblins.club,3,60.0
socialloods.nl,1,20.0
socialnetwork.ninja,1,20.0
socialq.club,1,20.0
societal.co,1,20.0
society.oftrolls.com,1,20.0
socnet.softgirl.online,1,20.0
sogga.top,1,20.0
solagg.com,2,40.0
someotherguy.xyz,2,40.0
somewhy.net,3,60.0
sonichu.com,2,40.0
sorcie.re,1,20.0
sos.nekoweb.my.id,1,20.0
sovran.social,1,20.0
soykaf.com,2,40.0
soysoftware.net,1,20.0
spaceblog.net,1,20.0
spacekittens.ru,1,20.0
spacetime.social,1,20.0
speakfree.world,2,40.0
spearman.xyz,3,60.0
sperg.city,4,80.0
sphere.com.ai,1,20.0
spiderden.net,2,40.0
spinster.dev,3,60.0
spinster.xyz,5,100.0
splat.soy,1,20.0
spook.social,2,40.0
springbo.cc,5,100.0
squid.kids,5,100.0
stack.black,1,20.0
staging.kazar.ma,1,20.0
starnix.network,3,60.0
stars.eroaward.com,3,60.0
staycuriousandkeepsmil.in,3,60.0
stereophonic.space,4,80.0
stop.voring.me,2,40.0
stormcloak.info,3,60.0
stracknet.com,1,20.0
strelizia.net,4,80.0
styxhexenhammer666.com,2,40.0
sully.site,1,20.0
sunbutt.faith,1,20.0
sunshinegardens.org,1,20.0
supernets.social,4,80.0
supes.com,1,20.0
sushi.ski,1,20.0
susmaninsurance.com,2,40.0
suya.place,2,40.0
sweet.succubi.services,1,20.0
sweetappleacr.es,2,40.0
switter.at,1,20.0
switter.co,1,20.0
switter.nl,1,20.0
swmastodon.com,1,20.0
sxpert.org,1,20.0
sylveon.club,1,20.0
synergetic-design.com,1,20.0
syringa.social,1,20.0
syspxl.xyz,3,60.0
systemli.social,1,20.0
t.beergeek.social,1,20.0
t.l3r.me,1,20.0
t2m.davinkevin.fr,1,20.0
tadzik.net,1,20.0
take.iteasy.club,1,20.0
takesama.com,3,60.0
talesofmy.life,1,20.0
talk-here.com,3,60.0
tams.tech,1,20.0
taobox.pub,2,40.0
tardis.world,1,20.0
tastingtraffic.com,1,20.0
tastingtraffic.net,4,80.0
tau-ceti.space,2,40.0
taullo.social,3,60.0
tchncs.de,1,20.0
tcjc.uk,1,20.0
tebukuro.pw,1,20.0
tech.lgbt,2,40.0
techhub.social,1,20.0
techstartups.space,1,20.0
teci.world,4,80.0
tedomum.net,1,20.0
teia.art,1,20.0
teleyal.blog,1,20.0
terrible.place,4,80.0
tesaguri.club,2,40.0
test.misskey.cf,1,20.0
tewi.and.reisen,1,20.0
tfwno.gf,1,20.0
the.hedgehoghunter.club,1,20.0
the.occultist.space,1,20.0
the.usualsuspects.lol,1,20.0
the9thcircle.club,3,60.0
theapex.social,2,40.0
theautisticinvestors.quest,1,20.0
thebag.social,3,60.0
thebased.club,2,40.0
theburning.world,1,20.0
thechad.zone,2,40.0
thechimp.zone,4,80.0
thecyberdeck.xyz,1,20.0
theduran.icu,1,20.0
thefederation.net,1,20.0
thegeneral.chat,1,20.0
thejar.club,1,20.0
thejoyo.com,2,40.0
thenobody.club,1,20.0
theosis.church,1,20.0
thepopulist.icu,1,20.0
thepostearthdestination.com,4,80.0
theres.life,3,60.0
thesolarrepublic.org,1,20.0
thewired.xyz,1,20.0
thewizardingworld.com,2,40.0
thingsenjoyer.org,1,20.0
thisawfuldungeon.art,1,20.0
thisis.mylegendary.quest,1,20.0
thisisjoes.site,4,80.0
thj.no,1,20.0
thonkbox.rightmouse.click,1,20.0
thorlaksson.com,1,20.0
thoughtful.social,2,40.0
threads.net,5,100.0
tictoc.social,2,40.0
tinfoil-hat.net,1,20.0
tinybirdsite.com,1,20.0
tirnanog.space,1,20.0
tiuxo.com,3,60.0
tkammer.de,1,20.0
tkw.fm,1,20.0
tlespace.xyz,1,20.0
tmediatech.io,1,20.0
tnd.lol,3,60.0
toad.social,3,60.0
toast.cafe,1,20.0
togen.xyz,1,20.0
tokhmi.xyz,3,60.0
tomw.social,2,40.0
toot.berlin,1,20.0
toot.canberrasocial.net,1,20.0
toot.freedomworkshop.com,1,20.0
toot.pt,4,80.0
toot.wales,1,20.0
toot.world,1,20.0
tooters.fun,1,20.0
tooters.org,2,40.0
tooters.wtf,1,20.0
toots.morepablo.com,1,20.0
tootsocial.com,1,20.0
totallylegit.site,1,20.0
touha.me,2,40.0
touhou.vodka,1,20.0
tpo.world,2,40.0
traboone.com,1,20.0
tranny.town,1,20.0
translunar.academy,2,40.0
trash.social,1,20.0
travnewmatic.com,2,40.0
treasuredgem.xyz,1,20.0
treehouse.systems,2,40.0
treeoflifecomic.com,2,40.0
treffler.cloud,1,20.0
tri.cash,1,20.0
tribe.net,1,20.0
trinitron.town,1,20.0
triodug.com,1,20.0
troet.cafe,1,20.0
troll.cafe,4,80.0
troll.social,1,20.0
troplo.com,1,20.0
tropolo.com,1,20.0
trumpislovetrumpis.life,5,100.0
truthsocial.co.in,5,100.0
truthsocial.com,3,60.0
truthsocial.st,1,20.0
truthsocialpro.org,3,60.0
tube.exozy.me,1,20.0
tube.gnous.eu,1,20.0
tube.kansanvalta.org,1,20.0
tubefail.com,1,20.0
tubexer.com,1,20.0
tucson.claims,2,40.0
tumblr.com,1,20.0
tummy.town,2,40.0
tusooa.xyz,1,20.0
tv.bitma.st,1,20.0
tw.9tail.net,1,20.0
tweepsmap.com,1,20.0
tweet.pasture.moe,2,40.0
tweetbridge.kogasa.de,3,60.0
tweetbridge.mollys.social,1,20.0
tweetrans.ff15.eu,1,20.0
tweets.icu,4,80.0
tweety.icu,1,20.0
twhtv.club,1,20.0
twi.social,1,20.0
twimbir.xyz,1,20.0
twit.cryolog.in,1,20.0
twitbridge.click,1,20.0
twitiverse.com,2,40.0
twitter.1d4.us,1,20.0
twitter.activitypub.actor,2,40.0
twitter.com,1,20.0
twitter.cryobyte.net,1,20.0
twitter.dev.holtwick.de,1,20.0
twitter.doesnotexist.club,2,40.0
twitter.felixmueller.social,1,20.0
twitter.grants.cafe,2,40.0
twitter.kfem.cat,1,20.0
twitter.moxr.de,1,20.0
twitter.piriklub.eu,1,20.0
twitter.savvas.cloud,1,20.0
twitter.toots.ro,1,20.0
twitter.tresor.eyhoff.de,1,20.0
twitter.ukd.social,1,20.0
twitterbridge.mastodon.maki0419.com,1,20.0
twitterfeed.furrypaws.cc,1,20.0
twittergateway.10247.berlin,1,20.0
twiukraine.com,2,40.0
twooter.me,1,20.0
twtr.3q3.de,1,20.0
twtr.astra.lol,1,20.0
twtr.carnivore.social,1,20.0
twtr.disqordia.space,1,20.0
twtr.ingeechat.party,1,20.0
twtr.plus,3,60.0
twtr.vrij.social,1,20.0
twtrbridge.de,1,20.0
tyil.nl,2,40.0
tylerdavis.xyz,2,40.0
ua-fediland.de,4,80.0
uden.ai,1,20.0
udongein.xyz,2,40.0
ueberspace.de,1,20.0
uksocial.net,1,20.0
ultratumba.dynu.net,1,20.0
umbrellix.org,1,20.0
unbound.social,2,40.0
underscore.world,1,20.0
ungoverned.social,2,40.0
unilem.org,1,20.0
universeodon.com,2,40.0
unix.dog,1,20.0
unperson.us,3,60.0
unsafe.co,1,20.0
unsafe.space,4,80.0
unstoppablecode.org,1,20.0
untwitter.cf,1,20.0
unvaxxed.nl,1,20.0
uoh.cx,1,20.0
ura-mstdn.com,1,20.0
urbanists.social,1,20.0
urchan.org,4,80.0
ursal.zone,4,80.0
urspringer.de,3,60.0
us.tv,1,20.0
ussr.win,1,20.0
usualsuspects.lol,3,60.0
utih.net,1,20.0
utzer.de,1,20.0
uwu.social,3,60.0
uwu.st,1,20.0
valentines.monster,1,20.0
valkyrie.world,1,20.0
vampire.estate,1,20.0
vampiremaid.cafe,3,60.0
vance.land,1,20.0
vapefam.fun,1,20.0
vara.lol,2,40.0
varis.tv,1,20.0
varishangout.net,5,100.0
vector1.dev,1,20.0
veenus.art,3,60.0
veganism.social,2,40.0
verifiedjournalist.social,2,40.0
verita84.com,1,20.0
vern.cc,1,20.0
verumsocial.com,1,20.0
vfpmedia.com,2,40.0
video.autizmo.xyz,1,20.0
video.halle-leaks.de,1,20.0
video.nobodyhasthe.biz,1,20.0
videobit.cc,1,20.0
videofed.com,1,20.0
videoflix.co,1,20.0
videos.icum.to,1,20.0
videoshare.cc,1,20.0
vienna1.greenedgecloud.com,1,20.0
vigilante.tv,2,40.0
vile.zone,1,20.0
violence.church,3,60.0
vipgirlfriend.xxx,1,20.0
vipper.party,1,20.0
viridianpatriots.com,1,20.0
vladtepesblog.com,1,20.0
vltava.cloud,1,20.0
vodoraslo.club,1,20.0
voice.masto.host,1,20.0
voicenews.icu,1,20.0
void.rehab,1,20.0
voidgaming.co,2,40.0
voiodgaming.co,1,20.0
voluntary.world,1,20.0
voluntaryism.club,1,20.0
vps.ovh.ca,1,20.0
vrij.social,3,60.0
vsta.org,2,40.0
vtuberfan.social,4,80.0
vtweet.live,2,40.0
vuju.com,2,40.0
vulpes.one,1,20.0
w-2.io,1,20.0
wagesofsinisdeath.com,2,40.0
waha.desupost.soy,1,20.0
waifu.club,1,20.0
waifu.social,1,20.0
waifuappreciation.club,1,20.0
waifuism.life,4,80.0
wake.st,4,80.0
wank.social,1,20.0
warc.space,1,20.0
waskuisland.com,3,60.0
wasscher.com,1,20.0
we.1being.org,1,20.0
webl.dd0s.lol,1,20.0
weeaboo.space,2,40.0
weeb.academy,1,20.0
weebcouncil.online,1,20.0
weedis.life,1,20.0
wei.mentalswarf.com,1,20.0
welivein.eu,1,20.0
were.social,3,60.0
westernconnect.org,1,20.0
wetdry.world,1,20.0
wetfish.space,1,20.0
whatiwanttoknow.org,2,40.0
wherelinux.xyz,2,40.0
whinge.house,4,80.0
whinge.town,4,80.0
white.fly.dev,1,20.0
whitehouse.gov,1,20.0
whitehouse.org,1,20.0
whitesmokebbq.social,3,60.0
whitewomen.dog,3,60.0
whomartthou.com,1,20.0
whomst.dog,1,20.0
wideboys.org,2,40.0
wiki-tube.de,2,40.0
wikileaks2.org,5,100.0
wilde.cloud,1,20.0
wildgeese.au,1,20.0
willtrade.org,4,80.0
wintermute.fr.to,1,20.0
wire.garden,1,20.0
wired.socotrine.com,1,20.0
witches.live,3,60.0
withbrains.com,1,20.0
wizard.casa,1,20.0
wizzzard.online,2,40.0
wogan.im,1,20.0
wolfballs.com,1,20.0
wolfgirl.bar,5,100.0
wolfie.pw,1,20.0
woln.eu,2,40.0
womyns.land,1,20.0
woof.foxxo.gay,1,20.0
woof.group,1,20.0
woofer.alfter.us,2,40.0
workers.dev,2,40.0
worm.pink,4,80.0
wowana.me,1,20.0
wreck.rocks,2,40.0
write.wtf,1,20.0
writehere.is,3,60.0
wrongthink.net,1,20.0
wurm.host,2,40.0
wuwox.com,1,20.0
www.canberrasocial.net,1,20.0
www.writehere.is,1,20.0
wxcafe.net,1,20.0
wxw.moe,4,80.0
wysteriary.art,1,20.0
x0f.org,2,40.0
xaetacore.net,3,60.0
xcess.one,1,20.0
xenofem.me,3,60.0
xenolove.win,1,20.0
xhais.love,4,80.0
xiii.ch,1,20.0
xmrposter.club,2,40.0
xn--6r8h.tk,1,20.0
xn--p1abe3d-xn--80asehdb,1,20.0
xn--p1abe3d.xn--80asehdb,3,60.0
xscape.top,4,80.0
xxxtumbir.org,1,20.0
xxxtumblr.org,1,20.0
xxxxxxxxxx.xxx,1,20.0
xynthxolarxylia.xyz,1,20.0
yams.lol,3,60.0
yandere.cc,1,20.0
yass.ee,1,20.0
yeahnahcunt.club,1,20.0
yelvington.com,1,20.0
yeshuafreedom.com,2,40.0
yesmap.net,1,20.0
yggdrasil.social,5,100.0
yiff.rocks,1,20.0
ymkml.online,1,20.0
yokai.cafe,1,20.0
yorishiro.space,1,20.0
youjo.love,5,100.0
youjo.observer,2,40.0
youkai.town,1,20.0
yuga.surf,1,20.0
yukioke.com,3,60.0
yunyun.moe,1,20.0
yuriposter.club,1,20.0
yuukosan.xyz,1,20.0
z0ne.moe,1,20.0
z0ne.social,2,40.0
zcri.dev,1,20.0
zedsocial.ca,2,40.0
zefirchik.xyz,1,20.0
zeonet.xyz,1,20.0
zerohack.xyz,1,20.0
zetamu.club,3,60.0
zetaspace.org,1,20.0
zholnay.name,1,20.0
zhub.link,4,80.0
zip2.social,1,20.0
zipblr.com,1,20.0
zokni.xyz,2,40.0
zombiecats.run,1,20.0
zoomer.photography,2,40.0
zov.oti.st,1,20.0
zwezo.o-k-i.net,3,60.0
zyzzsupremacy.xyz,2,40.0
zztails.gay,3,60.0
zztails.online,2,40.0
zztails.wrf,1,20.0
zztails.wtf,1,20.0
